[
  {
    "id": 1,
    "category": "모임 탐색 & 참여",
    "questions": [
      {
        "id": 1,
        "question": "원하는 모임은 어떻게 찾을 수 있나요?",
        "answer": "홈 화면이나 모임 리스트 페이지에서\n관심 분야, 지역, 날짜 등을 기준으로 모임을 검색할 수 있습니다."
      },
      {
        "id": 2,
        "question": "모임에 참여 신청을 했는데 언제 승인 되나요?",
        "answer": "모임 참여 신청시 자동 승인되어 모임에 참여됩니다."
      },
      {
        "id": 3,
        "question": "모임 참여를 했다가 모임을 나가면 불이익이 있나요?",
        "answer": "참여 중인 모임을 자발적으로 탈퇴하면 큰 불이익은 없지만,\n 반복적인 모임 나가기는 제재 대상이 될 수 있습니다."
      },
      {
        "id": 4,
        "question": "모임 후기를 작성할 수 있나요?",
        "answer": "참여 완료 후 모임 상세페이지에서 후기를 작성할 수 있으며,\n 다른 회원들에게도 도움이 됩니다."
      }
    ]
  },
  {
    "id": 2,
    "category": "모임 개설 & 운영",
    "questions": [
      {
        "id": 1,
        "question": "새 모임은 어떻게 개설하나요?",
        "answer": "홈 화면의 모임생성 버튼을 클릭하여 \n모임 제목, 모임 소개, 모임 커리큘럼 등을 입력하여 새 모임을 등록할 수 있습니다."
      },
      {
        "id": 2,
        "question": "모임 공지는 어디에서 작성할 수 있나요?",
        "answer": "개설한 모임의 상세페이지에서 공지 작성 기능을 이용하여 \n참여자에게 공지를 전달할 수 있습니다."
      },
      {
        "id": 3,
        "question": "모임 인원을 제한하거나 승인제로 운영할 수 있나요?",
        "answer": "모임 생성 시 최대 인원을 설정할 수 있습니다. 다만, \n참가자 신청을 승인제로 운영하는 기능은 제공되지 않습니다. \n모임 상세페이지에서 관리자는 필요에 따라 참여 멤버를 탈퇴시킬 수 있습니다."
      },
      {
        "id": 4,
        "question": "개설한 모임을 삭제하거나 종료할 수 있나요?",
        "answer": "개설된 모임은 모임장의 결정에 따라 종료될 수 있습니다. 다만, \n모임을 영구적으로 삭제하는 기능은 제공되지 않습니다."
      }
    ]
  },
  {
    "id": 3,
    "category": "결제 & 환불",
    "questions": [
      {
        "id": 1,
        "question": "유료 모임은 어떤 결제 수단을 지원하나요?",
        "answer": "신용카드, 체크카드, 간편 결제(카카오페이, 네이버페이 등)를 통해 \n결제가 가능할 예정이며 추후 구현 예정입니다."
      },
      {
        "id": 2,
        "question": "모임 결제를 취소하고 환불받을 수 있나요?",
        "answer": "참여 전 결제는 언제든 취소가 가능하며, \n결제 완료 후 환불은 모임 규정에 따라 처리될 예정이며 추후 구현 예정입니다."
      },
      {
        "id": 3,
        "question": "환불은 언제 처리되나요?",
        "answer": "환불 요청 후 영업일 기준 3~5일 내에 \n 결제 수단으로 환불될 예정이며 추후 구현 예정입니다."
      },
      {
        "id": 4,
        "question": "결제가 실패했을 때는 어떻게 하나요?",
        "answer": "결제 오류가 발생하면 결제 수단을 확인 후 재시도하시거나 \n고객센터에 문의해주세요."
      }
    ]
  },
  {
    "id": 4,
    "category": "프리미엄 멤버십",
    "questions": [
      {
        "id": 1,
        "question": "프리미엄 멤버십은 어떻게 가입하나요?",
        "answer": "멤버십 페이지에서 결제 정보를 입력하고 가입 버튼을 누르면 즉시 멤버십이 활성화됩니다."
      },
      {
        "id": 2,
        "question": "프리미엄 멤버십 회원에게 제공되는 혜택은 무엇인가요?",
        "answer": "멤버십 회원은 전용 모임 참여, 할인 쿠폰 제공, 우선 공지 수신 등\n 다양한 혜택을 받을 수 있습니다."
      },
      {
        "id": 3,
        "question": "멤버십은 자동 결제되나요?",
        "answer": "자동 결제 옵션이 활성화되어 있으며,\n 원하지 않을 경우 마이페이지에서 해지할 수 있습니다."
      },
      {
        "id": 4,
        "question": "멤버십 해지 및 환불은 어떻게 하나요?",
        "answer": "마이페이지 > 멤버십 관리에서 해지 요청을 하실 수 있으며, \n남은 기간에 따라 환불이 가능합니다."
      }
    ]
  }
]
