[
  {
    "id": 1,
    "category": "모임 탐색 & 참여",
    "questions": [
      {
        "id": 1,
        "question": "원하는 모임은 어떻게 찾을 수 있나요?",
        "answer": "홈 화면이나 모임 리스트 페이지에서\n관심 분야, 지역, 날짜 등을 기준으로 모임을 검색할 수 있습니다."
      },
      {
        "id": 2,
        "question": "모임에 참여 신청을 했는데 언제 승인 되나요?",
        "answer": "모임 참여 신청시 자동 승인되어 모임에 참여됩니다."
      },
      {
        "id": 3,
        "question": "모임 참여를 했다가 모임을 나가면 불이익이 있나요?",
        "answer": "참여 중인 모임을 자발적으로 탈퇴하면 큰 불이익은 없지만,\n 반복적인 모임 나가기는 제재 대상이 될 수 있습니다."
      },
      {
        "id": 4,
        "question": "모임 후기를 작성할 수 있나요?",
        "answer": "참여 완료 후 모임 상세페이지에서 후기를 작성할 수 있으며,\n 다른 회원들에게도 도움이 됩니다."
      }
    ]
  },
  {
    "id": 2,
    "category": "모임 개설 & 운영",
    "questions": [
      {
        "id": 1,
        "question": "새 모임은 어떻게 개설하나요?",
        "answer": "홈 화면의 모임생성 버튼을 클릭하여 \n모임 제목, 모임 소개, 모임 커리큘럼 등을 입력하여 새 모임을 등록할 수 있습니다."
      },
      {
        "id": 2,
        "question": "모임 공지는 어디에서 작성할 수 있나요?",
        "answer": "개설한 모임의 상세페이지에서 공지 작성 기능을 이용하여 \n참여자에게 공지를 전달할 수 있습니다."
      },
      {
        "id": 3,
        "question": "모임 인원을 제한하거나 승인제로 운영할 수 있나요?",
        "answer": "모임 생성 시 최대 인원을 설정할 수 있습니다. 다만, \n참가자 신청을 승인제로 운영하는 기능은 제공되지 않습니다. \n모임 상세페이지에서 관리자는 필요에 따라 참여 멤버를 탈퇴시킬 수 있습니다."
      },
      {
        "id": 4,
        "question": "개설한 모임을 삭제하거나 종료할 수 있나요?",
        "answer": "개설된 모임은 모임장의 결정에 따라 종료될 수 있습니다. 다만, \n모임을 영구적으로 삭제하는 기능은 제공되지 않습니다."
      }
    ]
  },
  {
    "id": 3,
    "category": "계정 & 프로필",
    "questions": [
      {
        "id": 1,
        "question": "소셜 로그인(Google, Kakao 등) 관련 문의",
        "answer": "소셜 로그인은 외부 서비스(Google, Kakao 등)와 연동되어 있습니다.\n 로그인 오류가 발생할 경우, 해당 서비스에서 로그인이 가능한지 먼저 확인해주세요.\n 여전히 문제가 지속되면 서비스를 재시작 하거나 캐시를 삭제해보세요."
      },
      {
        "id": 2,
        "question": "프로필 사진/닉네임 변경 방법",
        "answer": "[마이페이지] 에서 [회원 정보 관리] 메뉴에서 프로필 사진과 닉네임을 수정할 수 있습니다. 변경된 내용은 바로 반영됩니다."
      },
      {
        "id": 3,
        "question": "로그인 불가 또는 인증 오류",
        "answer": "네트워크 연결 상태를 확인한 후 다시 시도해보세요.\n소셜 로그인(Google, Kakao)이 로그아웃된 상태일 경우 인증이 실패할 수 있습니다.\n 그래도 해결되지 않는 경우 1:1 문의하기로 문의 주세요."
      },
      {
        "id": 4,
        "question": "서비스 탈퇴 및 데이터 삭제 요청",
        "answer": "[마이페이지] 에서 [회원 정보 관리] 메뉴에서 탈퇴를 진행할 수 있습니다.\n 탈퇴 시 생성한 모임, 후기 등 모든 활동 기록이 삭제되며 복구는 불가능합니다."
      }
    ]
  },
  {
    "id": 4,
    "category": "참여자 후기 & 리뷰",
    "questions": [
      {
        "id": 1,
        "question": "후기 작성 방법이 궁금해요",
        "answer": "모임이 종료된 후 [참여한 모임 리스트] 에서 종료탭을 선택 후 모임을 선택하면 \n후기를 작성할 수 있는 버튼이 활성화됩니다. 모임당 1개의 후기를 남길 수 있습니다."
      },
      {
        "id": 2,
        "question": "작성한 후기를 수정하거나 삭제하고 싶어요",
        "answer": "[모임관리] [후기/리뷰 관리] 목록에서 해당 모임의 상세보기를 선택하면 수정 또는 삭제 버튼이 표시됩니다."
      },
      {
        "id": 3,
        "question": "후기가 보이지 않아요",
        "answer": "후기는 모임이 종료된 후 작성할 수 있으며, \n운영 정책에 따라 부적절한 내용이 포함된 후기는 자동 숨김 처리될 수 있습니다. \n계속 보이지 않을 경우 고객센터로 문의해 주세요."
      },
      {
        "id": 4,
        "question": "후기 공개 범위나 노출 기준이 궁금해요",
        "answer": "작성한 후기는 모든 사람에게 공개될 수 있습니다. \n작성된 리뷰 노출 위치는 메인 화면의 모임후기 , 후기 리뷰페이지에서 보여질 수 있습니다."
      }
    ]
  }
]
